-- USERS (1-50) with creative names, emails, Swiss zip codes, SHA512-length hashes
INSERT INTO users (name, email, password_hash, zip_code, active, auth_provider, birthdate) VALUES
('Luca Meier','luca.meier@beispiel.ch','8c6976e5b5410415bde908bd4dee15dfb167a9c873fc4bb8a81f6f2ab448a918635f6bff04f66559cddc8b389b8f8e03d41e2173a8b9a0b7e3b2d69f3e6c2c7e', '8001',1,'LOCAL','1991-03-12'),
('Mia Keller','mia.keller@beispiel.ch','e6c865b8e0b6f7e9c0e1b2d3c4f5a6b7c8d9e0f1a2b3c4d5e6f7a8b9c0d1e2f3a4b5c6d7e8f9a0b1c2d3e4f5a6b7c8d9e0f1a2b3c4d5e6f7a8b9c0d1e2f3', '4052',1,'GOOGLE','1990-11-05'),
('Noah Brunner','noah.brunner@beispiel.ch','aaf4c61ddcc5e8a2dabede0f3b482cd9aea9434d2e6a5b7c8d9e0f1a2b3c4d5e6f7a8b9c0d1e2f3a4b5c6d7e8f9a0b1c2d3e4f5a6b7c8d9e0f1a2b3c4d5e6', '3011',1,'LOCAL','1982-02-19'),
('Emma Schmid','emma.schmid@beispiel.ch','9b74c9897bac770ffc029102a200c5de43b6a41f6d8a7e2b3c4d5e6f7a8b9c0d1e2f3a4b5c6d7e8f9a0b1c2d3e4f5a6b7c8d9e0f1a2b3c4d5e6f7a8b9c0d1', '6003',1,'GOOGLE','1998-07-24'),
('Leon Fischer','leon.fischer@beispiel.ch','2c624232cdd221771294dfbb310aca000a0df6ac8b66b696d90ef06fdefb64a3e9a4a4c4c4f4f4e4e8e8e8e8e8e8e8e8e8e8e8e8e8e8e8e8e8e8e8e8e8e8e8', '9000',1,'LOCAL','1993-05-16'),
('Sophie Graf','sophie.graf@beispiel.ch','cf83e1357eefb8bdf1542850d66d8007d620e4050b5715dc83f4a921d36ce9ce47d0d13c5d85f2b0ff8318d2877eec2f63b931bd47417a81a538327af927da3e', '2502',1,'GOOGLE','1996-12-10'),
('Tim Weber','tim.weber@beispiel.ch','d2d2d2d2d2d2d2d2d2d2d2d2d2d2d2d2d2d2d2d2d2d2d2d2d2d2d2d2d2d2d2d2d2d2d2d2d2d2d2d2d2d2d2d2d2d2d2d2d2d2d2d2d2d2d2d2d2d2d2d2d2d2d2d2', '6340',1,'LOCAL','1992-08-04'),
('Lina Baumann','lina.baumann@beispiel.ch','c5e478d59288c841aa530db6845c4c8d962893a001ce4e11a4963873aa98134a6e2f3076f8f7bcbcff7c4e6f4a0c4b6c7d5e8a0f1b2c3d4e5f6a7b8c9d0e1f2a3', '1201',1,'GOOGLE','1987-04-18'),
('Jonas Frei','jonas.frei@beispiel.ch','8e959b75dae313da8cf4f72814fc143b9d6e4b1e6c8f5e5a8f4e2b3d4e5f6a7b8c9d0e1f2a3b4c5d6e7f8a9b0c1d2e3f4a5b6c7d8e9f0a1b2c3d4e5f6a7b8c9', '8200',1,'LOCAL','1989-09-27'),
('Marie Steiner','marie.steiner@beispiel.ch','45c48cce2e2d7fbdea1afc51c7c6ad26b0c1d2e3f4a5b6c7d8e9f0a1b2c3d4e5f6a7b8c9d0e1f2a3b4c5d6e7f8f9fa0a1a2a3a4a5a6a7a8a9aaabacadaeaf', '4056',1,'GOOGLE','1995-06-06'),
('David Maurer','david.maurer@beispiel.ch','70efdf2ec9b086079795c442636b55fbf9fa0a1a2a3a4a5a6a7a8a9aaabacadaeafc0c1c2c3c4c5c6c7c8c9cacbcccdcecfd0d1d2d3d4d5d6d7d8d9dadbdcdd', '7000',1,'LOCAL','1986-10-23'),
('Julia Studer','julia.studer@beispiel.ch','6ea9ab1baa0efb9e19094440c317e21b8b9babbbcbdbebfc0c1c2c3c4c5c6c7c8c9cacbcccdcecfd0d1d2d3d4d5d6d7d8d9dadbdcdddedfe0e1e2e3e4e5e6e7', '6900',1,'GOOGLE','1997-01-17'),
('Nico Gerber','nico.gerber@beispiel.ch','a87ff679a2f3e71d9181a67b7542122c4c5c6c7c8c9cacbcccdcecfd0d1d2d3d4d5d6d7d8d9dadbdcdddedfe0e1e2e3e4e5e6e7e8e9eaebecedeeeff0f1f2', '5400',1,'LOCAL','1988-11-12'),
('Eva Schärer','eva.schaerer@beispiel.ch','3c363836cf4e16666669a25da280a1865c2d2874c5d6e7f8a9b0c1d2e3f4a5b6c7d8e9f0a1b2c3d4e5f6a7b8c9d0e1f2a3b4c5d6e7f8f9fa0a1a2a3a4a5a6', '4001',1,'GOOGLE','1994-03-20'),
('Janine Arnold','janine.arnold@beispiel.ch','b109f3bbbc244eb82441917ed06d618b9008dd09c7c6a1e7e0e7d7d4a1e2b3c4d5e6f7a8b9c0d1e2f3a4b5c6d7e8f9a0b1c2d3e4f5a6b7c8d9e0f1a2b3c4', '4051',1,'LOCAL','1985-05-11'),
('Simon Huber','simon.huber@beispiel.ch','e8dc4081b13434b45189a720b77b6818c2e1c3d5e7f9a0b2c4d6e8f0a1b3c5d7e9b0a2c4e6f8a1c3e5b7d9f1a3b5c7d9e1f3a5b7c9d1e3f5a7b9c1d3e5f7', '4002',1,'GOOGLE','1990-12-09'),
('Anna Vogt','anna.vogt@beispiel.ch','1f40fc92da241694750979ee6cf582f2d5d7d7d7c7c7c7e7e7e7f7f7f7f7f7f7f8f8f8f8f8f8f8f8f8f8f9f9f9f9f9f9f9f9f9f9f9f9f9f9f9f9f9f9f9f9', '8400',1,'LOCAL','1998-04-25'),
('Matteo Roth','matteo.roth@beispiel.ch','b6d767d2f8ed5d21a44b0e5886680cb9b0c1d2e3f4a5b6c7d8e9f0a1b2c3d4e5f6a7b8c9d0e1f2a3b4c5d6e7f8f9fa0a1a2a3a4a5a6a7a8a9aaabacadae', '4102',1,'GOOGLE','1996-02-14'),
('Nina Zimmermann','nina.zimmermann@beispiel.ch','c74d97b01eae257e44aa9d5bade97bafc0c1c2c3c4c5c6c7c8c9cacbcccdcecfd0d1d2d3d4d5d6d7d8d9dadbdcdddedfe0e1e2e3e4e5e6e7e8e9eaebeced', '6005',1,'LOCAL','1989-07-30'),
('Philipp Marti','philipp.marti@beispiel.ch','70efdf2ec9b086079795c442636b55fbf9fa0a1a2a3a4a5a6a7a8a9aaabacadaeafc0c1c2c3c4c5c6c7c8c9cacbcccdcecfd0d1d2d3d4d5d6d7d8d9dadbdc', '6300',1,'GOOGLE','1987-10-15'),
('Lara Lehmann','lara.lehmann@beispiel.ch','6ea9ab1baa0efb9e19094440c317e21b8b9babbbcbdbebfc0c1c2c3c4c5c6c7c8c9cacbcccdcecfd0d1d2d3d4d5d6d7d8d9dadbdcdddedfe0e1e2e3e4e5e6', '8201',1,'LOCAL','1993-01-13'),
('Benjamin Bieri','benjamin.bieri@beispiel.ch','aa368c6e0c7e9c5a7b8c9d0e1f2a3b4c5d6e7f8a9b0c1d2e3f4a5b6c7d8e9f0a1b2c3d4e5f6a7b8c9d0e1f2a3b4c5d6e7f8f9fa0a1a2a3a4a5a6a7a8a9', '3006',1,'GOOGLE','1997-11-02'),
('Selina Gasser','selina.gasser@beispiel.ch','d1fe173d08e959397adf34b1d77e88d7c6c7c8c9cacbcccdcecfd0d1d2d3d4d5d6d7d8d9dadbdcdddedfe0e1e2e3e4e5e6e7e8e9eaebecedeeeff0f1f2f3', '4004',1,'LOCAL','1995-09-21'),
('Rafael Suter','rafael.suter@beispiel.ch','8e296a067a37563370ded05f5a3bf3ecf0f1f2f3f4f5f6f7f8f9faa0a1a2a3a4a5a6a7a8a9aaabacadaeafc0c1c2c3c4c5c6c7c8c9cacbcccdcecfd0d1d2', '3800',1,'GOOGLE','1991-08-08'),
('Jana Marti','jana.marti@beispiel.ch','4e732ced3463d06de0ca9a15b6153677c3c4c5c6c7c8c9cacbcccdcecfd0d1d2d3d4d5d6d7d8d9dadbdcdddedfe0e1e2e3e4e5e6e7e8e9eaebecedeeeff0f', '6403',1,'LOCAL','1999-12-12'),
('Samuel Ziegler','samuel.ziegler@beispiel.ch','02e74f10e0327ad868d138f2b4fdd6f0c1d2e3f4a5b6c7d8e9f0a1b2c3d4e5f6a7b8c9d0e1f2a3b4c5d6e7f8f9fa0a1a2a3a4a5a6a7a8a9aaabacadaeaf', '5000',1,'GOOGLE','1992-03-05'),
('Livia Wyss','livia.wyss@beispiel.ch','33e75ff09dd601bbe69f351039152189b0c1d2e3f4a5b6c7d8e9f0a1b2c3d4e5f6a7b8c9d0e1f2a3b4c5d6e7f8f9fa0a1a2a3a4a5a6a7a8a9aaabacadaeaf', '6901',1,'LOCAL','1998-06-14'),
('Yannick Jud','yannick.jud@beispiel.ch','6c8349cc7260ae62e3b1396831a8398fc0c1c2c3c4c5c6c7c8c9cacbcccdcecfd0d1d2d3d4d5d6d7d8d9dadbdcdddedfe0e1e2e3e4e5e6e7e8e9eaebeced', '4500',1,'GOOGLE','1985-07-22'),
('Sina Flückiger','sina.flueckiger@beispiel.ch','e358efa489f58062f10dd7316b65649cf0f1f2f3f4f5f6f7f8f9faa0a1a2a3a4a5a6a7a8a9aaabacadaeafc0c1c2c3c4c5c6c7c8c9cacbcccdcecfd0d1d2d3', '7007',1,'LOCAL','1996-11-19'),
('Fabio Lenz','fabio.lenz@beispiel.ch','45c48cce2e2d7fbdea1afc51c7c6ad26b0c1d2e3f4a5b6c7d8e9f0a1b2c3d4e5f6a7b8c9d0e1f2a3b4c5d6e7f8f9fa0a1a2a3a4a5a6a7a8a9aaabacadaeaf', '4005',1,'GOOGLE','1984-10-28'),
('Nora Furrer','nora.furrer@beispiel.ch','6512bd43d9caa6e02c990b0a82652dcae3e4e5e6e7e8e9eaebecedeeeff0f1f2f3f4f5f6f7f8f9faa0a1a2a3a4a5a6a7a8a9aaabacadaeafc0c1c2c3c4c5c6', '3600',1,'LOCAL','1993-02-28'),
('Aron Bürgi','aron.buergi@beispiel.ch','c20ad4d76fe97759aa27a0c99bff6710d1d2d3d4d5d6d7d8d9dadbdcdddedfe0e1e2e3e4e5e6e7e8e9eaebecedeeeff0f1f2f3f4f5f6f7f8f9faa0a1a2a3a4', '8404',1,'GOOGLE','1987-09-06'),
('Chiara Lüthi','chiara.luethi@beispiel.ch','c51ce410c124a10e0db5e4b97fc2af39f9fa0a1a2a3a4a5a6a7a8a9aaabacadaeafc0c1c2c3c4c5c6c7c8c9cacbcccdcecfd0d1d2d3d4d5d6d7d8d9dadbdc', '1202',1,'LOCAL','1995-05-03'),
('Oliver Kunz','oliver.kunz@beispiel.ch','aab3238922bcc25a6f606eb525ffdc56a0a1a2a3a4a5a6a7a8a9aaabacadaeafc0c1c2c3c4c5c6c7c8c9cacbcccdcecfd0d1d2d3d4d5d6d7d8d9dadbdcdd', '4053',1,'GOOGLE','1990-06-18'),
('Sabrina Christen','sabrina.christen@beispiel.ch','9bf31c7ff062936a96d3c8bd1f8f2ff3c3c4c5c6c7c8c9cacbcccdcecfd0d1d2d3d4d5d6d7d8d9dadbdcdddedfe0e1e2e3e4e5e6e7e8e9eaebecedeeeff0', '5401',1,'LOCAL','1997-08-26'),
('Joel Fuchs','joel.fuchs@beispiel.ch','b6d767d2f8ed5d21a44b0e5886680cb9b0c1d2e3f4a5b6c7d8e9f0a1b2c3d4e5f6a7b8c9d0e1f2a3b4c5d6e7f8f9fa0a1a2a3a4a5a6a7a8a9aaabacadae', '8302',1,'GOOGLE','1986-05-09'),
('Nadine Zaugg','nadine.zaugg@beispiel.ch','11111111111111111111111111111111111111111111111111111111111111111111111111111111111111111111111111111111111111111111111111111111', '5402',1,'LOCAL','1991-04-07'),
('Pascal Geiger','pascal.geiger@beispiel.ch','22222222222222222222222222222222222222222222222222222222222222222222222222222222222222222222222222222222222222222222222222222222', '2503',1,'GOOGLE','1995-12-23'),
('Natascha Bär','natascha.baer@beispiel.ch','33333333333333333333333333333333333333333333333333333333333333333333333333333333333333333333333333333333333333333333333333333333', '3004',1,'LOCAL','1983-11-01'),
('Lukas Weber','lukas.weber@beispiel.ch','44444444444444444444444444444444444444444444444444444444444444444444444444444444444444444444444444444444444444444444444444444444', '8003',1,'GOOGLE','1996-09-14'),
('Ronja Schmid','ronja.schmid@beispiel.ch','55555555555555555555555555555555555555555555555555555555555555555555555555555555555555555555555555555555555555555555555555555555', '4006',1,'LOCAL','1998-03-29'),
('Yves Steiner','yves.steiner@beispiel.ch','66666666666666666666666666666666666666666666666666666666666666666666666666666666666666666666666666666666666666666666666666666666', '3005',1,'GOOGLE','1992-06-20'),
('Mara Christen','mara.christen@beispiel.ch','77777777777777777777777777777777777777777777777777777777777777777777777777777777777777777777777777777777777777777777777777777777', '6301',1,'LOCAL','1990-08-31'),
('Felix Widmer','felix.widmer@beispiel.ch','88888888888888888888888888888888888888888888888888888888888888888888888888888888888888888888888888888888888888888888888888888888', '1400',1,'GOOGLE','1999-11-27'),
('Selina Aeschlimann','selina.aeschlimann@beispiel.ch','99999999999999999999999999999999999999999999999999999999999999999999999999999999999999999999999999999999999999999999999999999999', '9001',1,'LOCAL','1993-12-15'),
('Joel Arnold','joel.arnold@beispiel.ch','abcdefabcdefabcdefabcdefabcdefabcdefabcdefabcdefabcdefabcdefabcdefabcdefabcdefabcdefabcdefabcdefabcdefabcdefabcdefabcdefabcdefabcdef', '4057',1,'GOOGLE','1987-07-01'),
('Michelle Lutz','michelle.lutz@beispiel.ch','1234567890abcdef1234567890abcdef1234567890abcdef1234567890abcdef1234567890abcdef1234567890abcdef1234567890abcdef1234567890abcdef', '4600',1,'LOCAL','1995-10-08');

-- TASKS (1-80, user_id 1-50 and 1-30 for 51-80, creative German descriptions, status varies)
INSERT INTO tasks (user_id, zip_code, coordinates, title, description, category, status, active, deadline, task_interval, created_at) VALUES
(1, '8001', '47.3769,8.5417', 'Einkaufshilfe Coop', 'Ich brauche Unterstützung beim Einkaufen im Coop. Bitte bringe eine Einkaufstasche mit.', 'SHOPPING', 'OPEN', 1, '2025-07-01 15:00:00', 'ONE_TIME', '2025-06-01 09:00:00'),
(2, '4052', '47.5596,7.5886', 'Umzugskisten tragen', 'Hilfe beim Tragen von Kisten in meine neue Wohnung in Basel gesucht.', 'TRANSPORT', 'ASSIGNED', 1, '2025-07-02 09:30:00', 'ONE_TIME', '2025-06-01 10:00:00'),
(3, '3011', '46.9480,7.4474', 'Fenster putzen', 'Die Fenster meiner Wohnung in Bern müssen dringend geputzt werden.', 'CLEANING', 'COMPLETED', 1, '2025-07-03 14:00:00', 'ONE_TIME', '2025-06-01 11:00:00'),
(4, '6003', '47.0502,8.3093', 'Hundespaziergang', 'Mein Labrador braucht einen Spaziergang am Nachmittag.', 'PETCARE', 'OPEN', 1, '2025-07-04 16:00:00', 'ONE_TIME', '2025-06-01 12:00:00'),
(5, '9000', '47.4245,9.3767', 'Gartenarbeit', 'Unkraut jäten und Rasen mähen im Garten in St. Gallen.', 'GARDENING', 'ASSIGNED', 1, '2025-07-05 10:00:00', 'ONE_TIME', '2025-06-01 13:00:00'),
(6, '2502', '47.1386,7.2468', 'Mathe Nachhilfe', 'Suche Unterstützung für meinen Sohn in Mathematik, 7. Klasse.', 'TUTORING', 'COMPLETED', 1, '2025-07-06 17:00:00', 'ONE_TIME', '2025-06-01 14:00:00'),
(7, '6340', '47.1662,8.5160', 'PC einrichten', 'Neuen Computer aufsetzen inkl. Virenschutz in Baar.', 'TECHHELP', 'OPEN', 1, '2025-07-07 18:00:00', 'ONE_TIME', '2025-06-01 15:00:00'),
(8, '1201', '46.2044,6.1432', 'Babysitting', 'Brauche für meine Tochter (2) eine Betreuung am Samstagabend.', 'CHILDCARE', 'ASSIGNED', 1, '2025-07-08 19:00:00', 'ONE_TIME', '2025-06-01 16:00:00'),
(9, '8200', '47.6965,8.6356', 'Sprachaustausch Deutsch-Französisch', 'Möchte mein Französisch verbessern, gegenseitige Hilfe.', 'LANGUAGETANDEM', 'COMPLETED', 1, '2025-07-09 20:00:00', 'ONE_TIME', '2025-06-01 17:00:00'),
(10, '4056', '47.5584,7.5733', 'Hausaufgabenhilfe', 'Brauche Hilfe für meine Tochter in Biologie.', 'HOMEWORK', 'OPEN', 1, '2025-07-10 17:30:00', 'ONE_TIME', '2025-06-01 18:00:00'),
(11, '7000', '46.8525,9.5308', 'Lampe reparieren', 'Stehlampe defekt, Elektriker gesucht.', 'REPAIRS', 'ASSIGNED', 1, '2025-07-11 09:00:00', 'ONE_TIME', '2025-06-02 09:00:00'),
(12, '6900', '45.9990,8.9496', 'Pakete aufgeben', 'Ich brauche Hilfe beim Postversand einiger Pakete.', 'OTHERS', 'COMPLETED', 1, '2025-07-12 10:00:00', 'ONE_TIME', '2025-06-02 10:00:00'),
(13, '5400', '47.4786,8.3063', 'Wocheneinkauf', 'Wöchentlicher Einkauf im Migros für ältere Dame.', 'SHOPPING', 'OPEN', 1, '2025-07-13 11:00:00', 'ONE_TIME', '2025-06-02 11:00:00'),
(14, '4001', '47.5596,7.5886', 'Fahrradtransport', 'Fahrrad von A nach B transportieren.', 'TRANSPORT', 'ASSIGNED', 1, '2025-07-14 12:00:00', 'ONE_TIME', '2025-06-02 12:00:00'),
(15, '4051', '47.5522,7.5889', 'Wohnung reinigen', 'Endreinigung der Wohnung vor dem Auszug.', 'CLEANING', 'COMPLETED', 1, '2025-07-15 13:00:00', 'ONE_TIME', '2025-06-02 13:00:00'),
(16, '4002', '47.5616,7.5858', 'Hund füttern', 'Hund muss morgens und abends gefüttert werden.', 'PETCARE', 'OPEN', 1, '2025-07-16 14:00:00', 'ONE_TIME', '2025-06-02 14:00:00'),
(17, '8400', '47.4979,8.7286', 'Rasen mähen', 'Rasenmäher vorhanden, regelmässiges Mähen erwünscht.', 'GARDENING', 'ASSIGNED', 1, '2025-07-17 15:00:00', 'ONE_TIME', '2025-06-02 15:00:00'),
(18, '4102', '47.5251,7.6836', 'Französisch Nachhilfe', 'Schülerin sucht Nachhilfe in Französisch.', 'TUTORING', 'COMPLETED', 1, '2025-07-18 16:00:00', 'ONE_TIME', '2025-06-02 16:00:00'),
(19, '6005', '47.0488,8.3083', 'Drucker installieren', 'Installation eines neuen Druckers inkl. WLAN-Anbindung.', 'TECHHELP', 'OPEN', 1, '2025-07-19 17:00:00', 'ONE_TIME', '2025-06-02 17:00:00'),
(20, '6300', '47.1816,8.4853', 'Kindersitting', 'Abendbetreuung für zwei Kinder (4, 6 Jahre).', 'CHILDCARE', 'ASSIGNED', 1, '2025-07-20 18:00:00', 'ONE_TIME', '2025-06-02 18:00:00'),
(21, '8201', '47.6721,8.6291', 'Spanisch sprechen üben', 'Suche Sprachpartner für Spanisch.', 'LANGUAGETANDEM', 'COMPLETED', 1, '2025-07-21 19:00:00', 'ONE_TIME', '2025-06-02 19:00:00'),
(22, '3006', '46.9561,7.4475', 'Mathe Aufgaben', 'Unterstützung bei Mathematik Hausaufgaben für Gymnasiast.', 'HOMEWORK', 'OPEN', 1, '2025-07-22 20:00:00', 'ONE_TIME', '2025-06-02 20:00:00'),
(23, '4004', '47.5535,7.5890', 'Küchengerät reparieren', 'Toaster heizt nicht mehr.', 'REPAIRS', 'ASSIGNED', 1, '2025-07-23 09:00:00', 'ONE_TIME', '2025-06-03 09:00:00'),
(24, '3800', '46.6863,7.8632', 'Altkleider entsorgen', 'Kleider zur Sammelstelle bringen.', 'OTHERS', 'COMPLETED', 1, '2025-07-24 10:00:00', 'ONE_TIME', '2025-06-03 10:00:00'),
(25, '6403', '47.0938,8.4636', 'Wochenmarkt Einkauf', 'Einkauf auf dem Wochenmarkt Zug.', 'SHOPPING', 'OPEN', 1, '2025-07-25 11:00:00', 'ONE_TIME', '2025-06-03 11:00:00'),
(26, '5000', '47.3906,8.0455', 'Keller ausräumen', 'Unterstützung beim Entrümpeln des Kellers.', 'TRANSPORT', 'ASSIGNED', 1, '2025-07-26 12:00:00', 'ONE_TIME', '2025-06-03 12:00:00'),
(27, '6901', '46.0101,8.9600', 'Badezimmer putzen', 'Gründliche Reinigung des Badezimmers.', 'CLEANING', 'COMPLETED', 1, '2025-07-27 13:00:00', 'ONE_TIME', '2025-06-03 13:00:00'),
(28, '4500', '47.2076,7.5345', 'Katze betreuen', 'Füttern und Streicheleinheiten während Ferien.', 'PETCARE', 'OPEN', 1, '2025-07-28 14:00:00', 'ONE_TIME', '2025-06-03 14:00:00'),
(29, '7007', '46.8526,9.5320', 'Hecke schneiden', 'Hecke im Vorgarten schneiden, Werkzeug vorhanden.', 'GARDENING', 'ASSIGNED', 1, '2025-07-29 15:00:00', 'ONE_TIME', '2025-06-03 15:00:00'),
(30, '4005', '47.5571,7.5886', 'Englisch Nachhilfe', 'Nachhilfe in Englisch für Primarschülerin.', 'TUTORING', 'COMPLETED', 1, '2025-07-30 16:00:00', 'ONE_TIME', '2025-06-03 16:00:00'),
(31, '3600', '46.7512,7.6292', 'Router einrichten', 'Hilfe beim Einrichten eines neuen WLAN-Routers.', 'TECHHELP', 'OPEN', 1, '2025-07-31 17:00:00', 'ONE_TIME', '2025-06-03 17:00:00'),
(32, '8404', '47.5010,8.7242', 'Abendbabysitting', 'Betreuung für Kleinkind am Freitagabend.', 'CHILDCARE', 'ASSIGNED', 1, '2025-08-01 18:00:00', 'ONE_TIME', '2025-06-03 18:00:00'),
(33, '1202', '46.2100,6.1423', 'Italienisch Tandem', 'Gemeinsam Italienisch und Deutsch lernen.', 'LANGUAGETANDEM', 'COMPLETED', 1, '2025-08-02 19:00:00', 'ONE_TIME', '2025-06-03 19:00:00'),
(34, '4053', '47.5456,7.5806', 'Latein Nachhilfe', 'Gymnasiast braucht Hilfe in Latein.', 'HOMEWORK', 'OPEN', 1, '2025-08-03 20:00:00', 'ONE_TIME', '2025-06-03 20:00:00'),
(35, '5401', '47.4703,8.3082', 'Waschmaschine reparieren', 'Maschine läuft nicht an.', 'REPAIRS', 'ASSIGNED', 1, '2025-08-04 09:00:00', 'ONE_TIME', '2025-06-04 09:00:00'),
(36, '8302', '47.4195,8.6343', 'Altglas entsorgen', 'Flaschen und Gläser zur Sammelstelle bringen.', 'OTHERS', 'COMPLETED', 1, '2025-08-05 10:00:00', 'ONE_TIME', '2025-06-04 10:00:00'),
(37, '5402', '47.4492,8.3041', 'Getränke einkaufen', 'Kisten Mineralwasser für Büro besorgen.', 'SHOPPING', 'OPEN', 1, '2025-08-06 11:00:00', 'ONE_TIME', '2025-06-04 11:00:00'),
(38, '2503', '47.1379,7.2431', 'Möbeltransport', 'Sofa und Tisch von Burgdorf nach Biel fahren.', 'TRANSPORT', 'ASSIGNED', 1, '2025-08-07 12:00:00', 'ONE_TIME', '2025-06-04 12:00:00'),
(39, '3004', '46.9511,7.4386', 'Küche reinigen', 'Küchenreinigung nach grossem Kochen.', 'CLEANING', 'COMPLETED', 1, '2025-08-08 13:00:00', 'ONE_TIME', '2025-06-04 13:00:00'),
(40, '8003', '47.3702,8.5207', 'Wellensittich betreuen', 'Füttern und Käfig säubern während Urlaub.', 'PETCARE', 'OPEN', 1, '2025-08-09 14:00:00', 'ONE_TIME', '2025-06-04 14:00:00'),
(41, '4006', '47.5538,7.5881', 'Baum schneiden', 'Obstbaum im Garten zurückschneiden, Leiter vorhanden.', 'GARDENING', 'ASSIGNED', 1, '2025-08-10 15:00:00', 'ONE_TIME', '2025-06-04 15:00:00'),
(42, '3005', '46.9472,7.4442', 'Physik Nachhilfe', 'Nachhilfe für Maturaprüfung in Physik gesucht.', 'TUTORING', 'COMPLETED', 1, '2025-08-11 16:00:00', 'ONE_TIME', '2025-06-04 16:00:00'),
(43, '6301', '47.1827,8.4845', 'Tablet einrichten', 'Hilfe beim Installieren von Apps auf neuem Tablet.', 'TECHHELP', 'OPEN', 1, '2025-08-12 17:00:00', 'ONE_TIME', '2025-06-04 17:00:00'),
(44, '1400', '46.7785,6.6412', 'Abholservice Kinder', 'Kinder (8, 10) von Schule abholen.', 'CHILDCARE', 'ASSIGNED', 1, '2025-08-13 18:00:00', 'ONE_TIME', '2025-06-04 18:00:00'),
(36, '9001', '47.4233,9.3725', 'Deutsch-Türkisch Tandem', 'Sprachpartner für Deutsch und Türkisch gesucht.', 'LANGUAGETANDEM', 'COMPLETED', 1, '2025-08-14 19:00:00', 'ONE_TIME', '2025-06-04 19:00:00'),
(35, '4057', '47.5707,7.6142', 'Geschichte Hausaufgaben', 'Hilfe beim Aufsatz zu Schweizer Geschichte.', 'HOMEWORK', 'OPEN', 1, '2025-08-15 20:00:00', 'ONE_TIME', '2025-06-04 20:00:00'),
(34, '4600', '47.2795,7.8782', 'Spülmaschine reparieren', 'Maschine startet nicht, Fehlercode blinkt.', 'REPAIRS', 'ASSIGNED', 1, '2025-08-16 09:00:00', 'ONE_TIME', '2025-06-05 09:00:00'),
(33, '9001', '47.4233,9.3725', 'Papier entsorgen', 'Altpapierbündel zum Recyclinghof bringen.', 'OTHERS', 'COMPLETED', 1, '2025-08-17 10:00:00', 'ONE_TIME', '2025-06-05 10:00:00'),
(32, '4052', '47.5596,7.5886', 'Getränke einkaufen', 'Bier- und Softdrink-Kisten für Grillfest.', 'SHOPPING', 'OPEN', 1, '2025-08-18 11:00:00', 'ONE_TIME', '2025-06-05 11:00:00'),
(31, '1201', '46.2044,6.1432', 'Küchenmöbel transportieren', 'Küchenschränke von Ikea abholen und liefern.', 'TRANSPORT', 'ASSIGNED', 1, '2025-08-19 12:00:00', 'ONE_TIME', '2025-06-05 12:00:00'),
(1, '8004', '47.3720,8.5316', 'Supermarkt Einkauf', 'Wöchentlicher Einkauf für WG.', 'SHOPPING', 'COMPLETED', 1, '2025-08-20 13:00:00', 'ONE_TIME', '2025-06-05 13:00:00'),
(2, '4053', '47.5456,7.5806', 'Bücherkisten tragen', 'Hilfe beim Umzug einer Bücherkiste.', 'TRANSPORT', 'OPEN', 1, '2025-08-21 14:00:00', 'ONE_TIME', '2025-06-05 14:00:00'),
(3, '3012', '46.9481,7.4475', 'Badezimmer sauber machen', 'Gründliche Reinigung mit Desinfektion.', 'CLEANING', 'ASSIGNED', 1, '2025-08-22 15:00:00', 'ONE_TIME', '2025-06-05 15:00:00'),
(4, '6004', '47.0493,8.3080', 'Hundespaziergang Seeufer', 'Spaziergang am Vierwaldstättersee.', 'PETCARE', 'COMPLETED', 1, '2025-08-23 16:00:00', 'ONE_TIME', '2025-06-05 16:00:00'),
(5, '9002', '47.4256,9.3701', 'Beetpflege', 'Blumenbeet jäten und giessen.', 'GARDENING', 'OPEN', 1, '2025-08-24 17:00:00', 'ONE_TIME', '2025-06-05 17:00:00'),
(6, '2504', '47.1376,7.2466', 'Physik Nachhilfe', 'Vorbereitung auf Prüfung, Thema Mechanik.', 'TUTORING', 'ASSIGNED', 1, '2025-08-25 18:00:00', 'ONE_TIME', '2025-06-05 18:00:00'),
(7, '6341', '47.1772,8.5223', 'WLAN optimieren', 'WLAN Empfang verbessern im Einfamilienhaus.', 'TECHHELP', 'COMPLETED', 1, '2025-08-26 19:00:00', 'ONE_TIME', '2025-06-05 19:00:00'),
(8, '1203', '46.2046,6.1433', 'Tagesbetreuung', 'Tagsüber auf zwei Kinder aufpassen.', 'CHILDCARE', 'OPEN', 1, '2025-08-27 20:00:00', 'ONE_TIME', '2025-06-05 20:00:00'),
(9, '8202', '47.6970,8.6340', 'Französisch Gespräch', 'Suche jemanden für lockere Gespräche.', 'LANGUAGETANDEM', 'ASSIGNED', 1, '2025-08-28 09:00:00', 'ONE_TIME', '2025-06-06 09:00:00'),
(10, '4058', '47.5738,7.5931', 'Chemie Hausaufgaben', 'Hilfe bei Chemieaufgaben für die Schule.', 'HOMEWORK', 'COMPLETED', 1, '2025-08-29 10:00:00', 'ONE_TIME', '2025-06-06 10:00:00'),
(11, '7001', '46.8530,9.5290', 'Toaster reparieren', 'Toaster defekt, Austausch eines Elements.', 'REPAIRS', 'OPEN', 1, '2025-08-30 11:00:00', 'ONE_TIME', '2025-06-06 11:00:00'),
(12, '6902', '46.0029,8.9515', 'Müll entsorgen', 'Müllsäcke zur Sammelstelle bringen.', 'OTHERS', 'ASSIGNED', 1, '2025-08-31 12:00:00', 'ONE_TIME', '2025-06-06 12:00:00'),
(13, '5403', '47.4770,8.3060', 'Wasser einkaufen', 'Mineralwasser für das Büro besorgen.', 'SHOPPING', 'COMPLETED', 1, '2025-09-01 13:00:00', 'ONE_TIME', '2025-06-06 13:00:00'),
(14, '4007', '47.5460,7.5809', 'Tisch transportieren', 'Esszimmertisch von Nachbarin holen.', 'TRANSPORT', 'OPEN', 1, '2025-09-02 14:00:00', 'ONE_TIME', '2025-06-06 14:00:00'),
(15, '4059', '47.5450,7.5901', 'Wohnzimmer reinigen', 'Fenster, Vorhänge und Boden reinigen.', 'CLEANING', 'ASSIGNED', 1, '2025-09-03 15:00:00', 'ONE_TIME', '2025-06-06 15:00:00'),
(16, '4008', '47.5587,7.5829', 'Kaninchen betreuen', 'Käfig reinigen, füttern und streicheln.', 'PETCARE', 'COMPLETED', 1, '2025-09-04 16:00:00', 'ONE_TIME', '2025-06-06 16:00:00'),
(17, '8402', '47.5002,8.7288', 'Gartenbeet umgraben', 'Vorbereitung auf die Pflanzzeit.', 'GARDENING', 'OPEN', 1, '2025-09-05 17:00:00', 'ONE_TIME', '2025-06-06 17:00:00'),
(18, '4103', '47.5234,7.6812', 'Biologie Nachhilfe', 'Vorbereitung auf Matura, Zellbiologie.', 'TUTORING', 'ASSIGNED', 1, '2025-09-06 18:00:00', 'ONE_TIME', '2025-06-06 18:00:00'),
(19, '6006', '47.0505,8.3067', 'Smartphone einrichten', 'Neues Android-Smartphone einrichten.', 'TECHHELP', 'COMPLETED', 1, '2025-09-07 19:00:00', 'ONE_TIME', '2025-06-06 19:00:00'),
(20, '6302', '47.1829,8.4849', 'Nachmittagsbetreuung', 'Kinder nach der Schule betreuen.', 'CHILDCARE', 'OPEN', 1, '2025-09-08 20:00:00', 'ONE_TIME', '2025-06-06 20:00:00'),
(21, '8203', '47.6932,8.6338', 'Italienisch Tandem', 'Italienisch sprechen und lernen.', 'LANGUAGETANDEM', 'ASSIGNED', 1, '2025-09-09 09:00:00', 'ONE_TIME', '2025-06-07 09:00:00'),
(22, '3007', '46.9473,7.4440', 'Französisch Hausaufgaben', 'Hilfe beim Übersetzen ins Französische.', 'HOMEWORK', 'COMPLETED', 1, '2025-09-10 10:00:00', 'ONE_TIME', '2025-06-07 10:00:00'),
(23, '4009', '47.5530,7.5821', 'Kaffeemaschine reparieren', 'Maschine tropft, Dichtung prüfen.', 'REPAIRS', 'OPEN', 1, '2025-09-11 11:00:00', 'ONE_TIME', '2025-06-07 11:00:00'),
(24, '1401', '46.7801,6.6418', 'Alte Bücher entsorgen', 'Bücher zum Brockenhaus bringen.', 'OTHERS', 'ASSIGNED', 1, '2025-09-12 12:00:00', 'ONE_TIME', '2025-06-07 12:00:00'),
(25, '9003', '47.4265,9.3715', 'Wochenend-Einkauf', 'Grosseinkauf für die Familie.', 'SHOPPING', 'COMPLETED', 1, '2025-09-13 13:00:00', 'ONE_TIME', '2025-06-07 13:00:00'),
(26, '1204', '46.2048,6.1435', 'Kleiderschrank transportieren', 'Schrank von Keller in Wohnung tragen.', 'TRANSPORT', 'OPEN', 1, '2025-09-14 14:00:00', 'ONE_TIME', '2025-06-07 14:00:00'),
(27, '3013', '46.9482,7.4476', 'Wohnung putzen', 'Frühjahrsputz der ganzen Wohnung.', 'CLEANING', 'ASSIGNED', 1, '2025-09-15 15:00:00', 'ONE_TIME', '2025-06-07 15:00:00'),
(28, '6007', '47.0511,8.3098', 'Vogel betreuen', 'Kanarienvogel am Wochenende füttern.', 'PETCARE', 'COMPLETED', 1, '2025-09-16 16:00:00', 'ONE_TIME', '2025-06-07 16:00:00'),
(29, '7002', '46.8540,9.5340', 'Gartenteich pflegen', 'Algen entfernen, Wasser auffüllen.', 'GARDENING', 'OPEN', 1, '2025-09-17 17:00:00', 'ONE_TIME', '2025-06-07 17:00:00'),
(30, '4007', '47.5460,7.5809', 'Englisch Nachhilfe', 'Konversationstraining für Erwachsene.', 'TUTORING', 'ASSIGNED', 1, '2025-09-18 18:00:00', 'ONE_TIME', '2025-06-07 18:00:00');

-- OFFERS (1-50, user_id=offer_id, task_id=offer_id, kreative deutsche Nachrichten, Status variiert)
INSERT INTO offers (user_id, task_id, message, status, active, created_at) VALUES
(1,1,'Gerne erledige ich Ihren Einkauf, ich wohne ganz in der Nähe!','SUBMITTED',1,'2025-06-01 13:00:00'),
(2,2,'Ich habe Erfahrung mit Umzügen und kann kräftig zupacken.','ACCEPTED',1,'2025-06-01 13:10:00'),
(3,3,'Fenster putzen macht mir Spass, bringe mein eigenes Putzmittel mit.','REJECTED',1,'2025-06-01 13:20:00'),
(4,4,'Ich gehe regelmässig mit Hunden spazieren, gerne übernehme ich das.','SUBMITTED',1,'2025-06-01 13:30:00'),
(5,5,'Habe einen eigenen Rasenmäher und helfe gerne im Garten.','ACCEPTED',1,'2025-06-01 13:40:00'),
(6,6,'Ich bin Mathematikstudent an der ETH und unterrichte gerne.','REJECTED',1,'2025-06-01 13:50:00'),
(7,7,'Habe Erfahrung mit PCs und Netzwerken.','SUBMITTED',1,'2025-06-01 14:00:00'),
(8,8,'Babysitten mache ich oft und zuverlässig.','ACCEPTED',1,'2025-06-01 14:10:00'),
(9,9,'Ich bin Muttersprachler Französisch und helfe gerne beim Sprachaustausch.','REJECTED',1,'2025-06-01 14:20:00'),
(10,10,'Habe bereits Nachhilfe gegeben, kann gut erklären.','SUBMITTED',1,'2025-06-01 14:30:00'),
(11,11,'Kleiner Reparaturservice, Werkzeug bringe ich mit.','ACCEPTED',1,'2025-06-01 14:40:00'),
(12,12,'Ich bin flexibel und helfe gerne bei Verschiedenem.','REJECTED',1,'2025-06-01 14:50:00'),
(13,13,'Einkaufen ist für mich kein Problem, fahre gerne für Sie.','SUBMITTED',1,'2025-06-01 15:00:00'),
(14,14,'Transport von Möbeln gehört zu meinen Stärken.','ACCEPTED',1,'2025-06-01 15:10:00'),
(15,15,'Ich reinige professionell und gründlich.','REJECTED',1,'2025-06-01 15:20:00'),
(16,16,'Hunde liebe ich, bringe auch Leckerli mit.','SUBMITTED',1,'2025-06-01 15:30:00'),
(17,17,'Gartenarbeit ist mein Hobby, gerne helfe ich.','ACCEPTED',1,'2025-06-01 15:40:00'),
(18,18,'Nachhilfe in Mathematik gebe ich seit Jahren.','REJECTED',1,'2025-06-01 15:50:00'),
(19,19,'Computerinstallationen mache ich regelmässig.','SUBMITTED',1,'2025-06-01 16:00:00'),
(20,20,'Kinderbetreuung mit Erfahrung und Herz.','ACCEPTED',1,'2025-06-01 16:10:00'),
(21,21,'Ich spreche fliessend Französisch und unterstütze beim Tandem.','REJECTED',1,'2025-06-01 16:20:00'),
(22,22,'Hausaufgabenhilfe biete ich für alle Fächer an.','SUBMITTED',1,'2025-06-01 16:30:00'),
(23,23,'Reparaturen sind meine Leidenschaft.','ACCEPTED',1,'2025-06-01 16:40:00'),
(24,24,'Vielseitig einsetzbar bei allen Aufgaben.','REJECTED',1,'2025-06-01 16:50:00'),
(25,25,'Bringe gerne Ihren Einkauf nach Hause.','SUBMITTED',1,'2025-06-01 17:00:00'),
(26,26,'Transporter vorhanden, Möbeltransport kein Problem.','ACCEPTED',1,'2025-06-01 17:10:00'),
(27,27,'Schnell und gründlich beim Reinigen.','REJECTED',1,'2025-06-01 17:20:00'),
(28,28,'Spaziere täglich mit Hunden, freue mich auf Ihren.','SUBMITTED',1,'2025-06-01 17:30:00'),
(29,29,'Gartenarbeit mit grünem Daumen.','ACCEPTED',1,'2025-06-01 17:40:00'),
(30,30,'Mathematik-Nachhilfe verständlich erklärt.','REJECTED',1,'2025-06-01 17:50:00'),
(31,31,'PC- und Netzwerkservice vor Ort.','SUBMITTED',1,'2025-06-01 18:00:00'),
(32,32,'Zuverlässige Babysitterin mit Erfahrung.','ACCEPTED',1,'2025-06-01 18:10:00'),
(33,33,'Sprachaustausch Deutsch-Spanisch möglich.','REJECTED',1,'2025-06-01 18:20:00'),
(34,34,'Nachhilfe in diversen Schulfächern.','SUBMITTED',1,'2025-06-01 18:30:00'),
(35,35,'Reparaturservice für Haushaltsgeräte.','ACCEPTED',1,'2025-06-01 18:40:00'),
(36,36,'Unterstütze bei allen alltäglichen Aufgaben.','REJECTED',1,'2025-06-01 18:50:00'),
(37,37,'Einkäufe erledige ich effizient und schnell.','SUBMITTED',1,'2025-06-01 19:00:00'),
(38,38,'Transportfahrzeug vorhanden, helfe gerne.','ACCEPTED',1,'2025-06-01 19:10:00'),
(39,39,'Professionelle Reinigung Ihrer Wohnung.','REJECTED',1,'2025-06-01 19:20:00'),
(40,40,'Erfahrung mit Hundespaziergängen.','SUBMITTED',1,'2025-06-01 19:30:00'),
(41,41,'Gartenarbeiten sind kein Problem für mich.','ACCEPTED',1,'2025-06-01 19:40:00'),
(42,42,'Mathematik und Naturwissenschaften Nachhilfe.','REJECTED',1,'2025-06-01 19:50:00'),
(43,43,'PC-Support für alle Systeme.','SUBMITTED',1,'2025-06-01 20:00:00'),
(44,44,'Kinderbetreuung mit Herz und Geduld.','ACCEPTED',1,'2025-06-01 20:10:00'),
(1,45,'Sprachliche Unterstützung beim Tandem.','REJECTED',1,'2025-06-01 20:20:00'),
(2,46,'Hilfe bei Hausaufgaben und Projekten.','SUBMITTED',1,'2025-06-01 20:30:00'),
(3,47,'Reparaturen aller Art, Werkzeug vorhanden.','ACCEPTED',1,'2025-06-01 20:40:00'),
(4,48,'Flexible Hilfe für verschiedene Aufgaben.','REJECTED',1,'2025-06-01 20:50:00'),
(5,49,'Erledige Ihren Einkauf auch kurzfristig.','SUBMITTED',1,'2025-06-01 21:00:00'),
(6,50,'Transport und Möbelmontage aus einer Hand.','ACCEPTED',1,'2025-06-01 21:10:00');

-- ASSIGNMENTS (1-25, offer_id = assignment_id, task_id = assignment_id, Status synchronisieren: Wenn Offer ACCEPTED, Task ASSIGNED, wenn Offer REJECTED, Task bleibt wie sie ist, wenn Offer SUBMITTED, Task OPEN.)
INSERT INTO assignments (task_id, offer_id, status, active, created_at) VALUES
(1,1,'OPEN',1,'2025-06-02 08:00:00'),
(2,2,'IN_PROGRESS',1,'2025-06-02 08:01:00'),
(3,3,'COMPLETED',1,'2025-06-02 08:02:00'),
(4,4,'OPEN',1,'2025-06-02 08:03:00'),
(5,5,'IN_PROGRESS',1,'2025-06-02 08:04:00'),
(6,6,'COMPLETED',1,'2025-06-02 08:05:00'),
(7,7,'OPEN',1,'2025-06-02 08:06:00'),
(8,8,'IN_PROGRESS',1,'2025-06-02 08:07:00'),
(9,9,'COMPLETED',1,'2025-06-02 08:08:00'),
(10,10,'OPEN',1,'2025-06-02 08:09:00'),
(11,11,'IN_PROGRESS',1,'2025-06-02 08:10:00'),
(12,12,'COMPLETED',1,'2025-06-02 08:11:00'),
(13,13,'OPEN',1,'2025-06-02 08:12:00'),
(14,14,'IN_PROGRESS',1,'2025-06-02 08:13:00'),
(15,15,'COMPLETED',1,'2025-06-02 08:14:00'),
(16,16,'OPEN',1,'2025-06-02 08:15:00'),
(17,17,'IN_PROGRESS',1,'2025-06-02 08:16:00'),
(18,18,'COMPLETED',1,'2025-06-02 08:17:00'),
(19,19,'OPEN',1,'2025-06-02 08:18:00'),
(20,20,'IN_PROGRESS',1,'2025-06-02 08:19:00'),
(21,21,'COMPLETED',1,'2025-06-02 08:20:00'),
(22,22,'OPEN',1,'2025-06-02 08:21:00'),
(23,23,'IN_PROGRESS',1,'2025-06-02 08:22:00'),
(24,24,'COMPLETED',1,'2025-06-02 08:23:00'),
(25,25,'OPEN',1,'2025-06-02 08:24:00');

-- RATINGS (1-10, assignment_id=1-10, requester_id = tasks.user_id, offerer_id = offers.user_id)
INSERT INTO ratings (assignment_id, stars, message, requester_id, offerer_id) VALUES
(1,5,'Sehr freundlich und zuverlässig, danke Luca!',1,1),
(2,4,'Mia hat kräftig mitgeholfen beim Umzug.',2,2),
(3,3,'Noah arbeitet sauber, aber war etwas spät.',3,3),
(4,5,'Emma ist eine Super-Hundesitterin!',4,4),
(5,2,'Leon hat den Rasen nur teilweise gemäht.',5,5),
(6,5,'Sophie erklärt Mathe sehr verständlich.',6,6),
(7,4,'Tim hat den PC schnell eingerichtet.',7,7),
(8,5,'Lina ist eine tolle Babysitterin.',8,8),
(9,3,'Jonas war freundlich, aber etwas unpünktlich.',9,9),
(10,4,'Marie hat gut geholfen bei den Hausaufgaben.',10,10);
